[null,{"name":"join","temp":"member","event-type":"6","_id":"jQUhM","actions":[{"member":"2","varName":"member","info":"16","storage":"1","varName2":"Avatar","name":"Store Member Info"},{"server":"0","varName":"","info":"17","storage":"1","varName2":"count","name":"Store Server Info"},{"channel":"103","varName":"998186683939950652","message":"","buttons":[],"selectMenus":[],"attachments":[],"embeds":[{"title":"Join","url":"","color":"GREEN","timestamp":"false","imageUrl":"","thumbUrl":"${tempVars(\"Avatar\")}","description":"Welkom ${tempVars(\"member\")} tot de server!\nwe hebben nu ${tempVars(\"count\")} members.","fields":[],"author":"","authorUrl":"","authorIcon":"","footerText":"","footerIconUrl":""}],"reply":true,"ephemeral":false,"tts":false,"overwrite":false,"dontSend":false,"editMessage":"0","editMessageVarName":"","storage":"0","varName2":"","name":"Send Message"}]},{"name":"leave","temp":"member","event-type":"7","_id":"RDyKh","actions":[{"member":"2","varName":"member","info":"16","storage":"1","varName2":"avatar","name":"Store Member Info"},{"server":"0","varName":"","info":"17","storage":"1","varName2":"count","name":"Store Server Info"},{"channel":"103","varName":"998186683939950652","message":"","buttons":[],"selectMenus":[],"attachments":[],"embeds":[{"title":"leave","url":"","color":"RED","timestamp":"false","imageUrl":"","thumbUrl":"${tempVars(\"avatar\")}","description":"${tempVars(\"member\")} verlaat de server!\nwe hebben nu ${tempVars(\"count\")} members.","fields":[],"author":"","authorUrl":"","authorIcon":"","footerText":"","footerIconUrl":""}],"reply":true,"ephemeral":false,"tts":false,"overwrite":false,"dontSend":false,"editMessage":"0","editMessageVarName":"","storage":"0","varName2":"","name":"Send Message"}]},{"name":"bot online","temp":"","event-type":"48","_id":"dhbFr","actions":[{"channel":"103","varName":"998182513254088774","message":"","buttons":[],"selectMenus":[],"attachments":[],"embeds":[{"title":"bot","url":"","color":"RANDOM","timestamp":"false","imageUrl":"","thumbUrl":"","description":"Bot is online","fields":[],"author":"","authorUrl":"","authorIcon":"","footerText":"","footerIconUrl":""}],"reply":true,"ephemeral":false,"tts":false,"overwrite":false,"dontSend":false,"editMessage":"0","editMessageVarName":"","storage":"0","varName2":"","name":"Send Message"}]},{"name":"Delete Log Event","temp":"msg","event-type":"18","_id":"HSkzt","actions":[{"message":"1","varName":"msg","info":"3","storage":"1","varName2":"Author","name":"Store Message Info"},{"message":"1","varName":"msg","info":"4","storage":"1","varName2":"channel","name":"Store Message Info"},{"member":"2","varName":"Author","info":"0","varName2":"","iftrue":"1","iftrueVal":"","iffalse":"0","iffalseVal":"","name":"Check If Member"},{"channel":"6","varName":"logs","message":"","buttons":[],"selectMenus":[],"attachments":[],"embeds":[{"title":"Message Deleted","url":"","color":"RED","timestamp":"true","imageUrl":"","thumbUrl":"","description":"${tempVars(\"Author\")} Delete een bericht in ${tempVars(\"channel\")}\n\nMessage:\n```${tempVars(\"msg\")}```","fields":[],"author":"","authorUrl":"","authorIcon":"","footerText":"","footerIconUrl":""}],"reply":true,"ephemeral":false,"tts":false,"overwrite":false,"dontSend":false,"editMessage":"0","editMessageVarName":"","storage":"0","varName2":"","name":"Send Message"}]},{"name":"Edit Log Event","temp":"before","event-type":"26","_id":"SAsvV","actions":[{"message":"1","varName":"after","info":"3","storage":"1","varName2":"Author","name":"Store Message Info"},{"message":"1","varName":"after","info":"4","storage":"1","varName2":"channel","name":"Store Message Info"},{"message":"1","varName":"after","info":"15","storage":"1","varName2":"url","name":"Store Message Info"},{"member":"2","varName":"Author","info":"0","varName2":"","iftrue":"1","iftrueVal":"","iffalse":"0","iffalseVal":"","name":"Check If Member"},{"channel":"6","varName":"logs","message":"","buttons":[],"selectMenus":[],"attachments":[],"embeds":[{"title":"Message Edit","url":"","color":"GREEN","timestamp":"true","imageUrl":"","thumbUrl":"","description":"${tempVars(\"Author\")} veranderde een bericht in ${tempVars(\"channel\")}\n\nBefore:\n```${tempVars(\"before\")}```\nAfter:\n```${tempVars(\"after\")}```\n\n\n[Jump To Massage](${tempVars(\"url\")})","fields":[],"author":"","authorUrl":"","authorIcon":"","footerText":"","footerIconUrl":""}],"reply":true,"ephemeral":false,"tts":false,"overwrite":false,"dontSend":false,"editMessage":"0","editMessageVarName":"","storage":"0","varName2":"","name":"Send Message"}],"temp2":"after"}]